{"filesMd5":[{"page":"/mediator/index.js","md5":"1f24f8b0771c920e0d051cf34896f440"},{"page":"/config/index.js","md5":"a391673bb523971dc02cc85f9668872a"},{"page":"/pages/yjapp/area-order/list.js","md5":"c746e4b532e68c33fa0b766ed43a5e08"},{"page":"/pages/yjapp/404.js","md5":"0fe99a6458d0e307b2b3827d0fbc1498"},{"page":"/pages/yjapp/batch-list/batch-list.js","md5":"649eb326cedd4a5c10297230e0863c6b"},{"page":"/pages/yjapp/area-order/detail.js","md5":"624446e8b8385fce814bee73f535663d"},{"page":"/pages/yjapp/collection/collectionlist.js","md5":"5508ae31b4e05238af82415beffcb609"},{"page":"/pages/yjapp/collection/collection.js","md5":"03cb017a99986f0e2105be18e64190dd"},{"page":"/pages/yjapp/echart/list.js","md5":"b87cb9d0bbab1a0aec0be94435ef0949"},{"page":"/pages/yjapp/echart/detail.js","md5":"8debfa22088a7e8a8f61ce3a74f8c61d"},{"page":"/pages/yjapp/index.js","md5":"60bc50ec5ef91f6edf33a18aea0438fa"},{"page":"/pages/yjapp/help/index.js","md5":"fe70b81fd906067877427e319a34db6e"},{"page":"/pages/yjapp/login.js","md5":"ef2b9ba89ad801b4512abb44b4ef421e"},{"page":"/pages/yjapp/invoice/detail.js","md5":"a7476d0ded1dd611fed53cb620045179"},{"page":"/pages/yjapp/invoice/list.js","md5":"3986c443df9e60581201910b04f7ff8c"},{"page":"/pages/yjapp/logistical/detail.js","md5":"c5a7f99bd1fbe6bba49e0fd5b8d00037"},{"page":"/pages/yjapp/logistical/pay.js","md5":"74e49d138c3121705d7c0659fa6f6f1d"},{"page":"/pages/yjapp/logistical/dislist.js","md5":"e06f42d5107dc95ffc45a11bddbb55d9"},{"page":"/pages/yjapp/map/map.js","md5":"90fe72b80cf6c390f13d63c2889672d5"},{"page":"/pages/yjapp/order/detail.js","md5":"2828828a2502bf856c75bcd3c12811e8"},{"page":"/pages/yjapp/order/list.js","md5":"2bb9f10a25cfcebac59a226fcfd59c69"},{"page":"/pages/yjapp/muff/index.js","md5":"5c0845fdf764e49f8d251be651969fe3"},{"page":"/pages/yjapp/performance/list.js","md5":"075f36632601de024f06b790060f26af"},{"page":"/pages/yjapp/person/person.js","md5":"2c7f4efe803e3e117a84e6a6056ab685"},{"page":"/pages/yjapp/person/apprecord.js","md5":"3cef2a8524e798396bd87612cf24bc1d"},{"page":"/pages/yjapp/scan/logisticalscan.js","md5":"f8d97ba09122914901ff406d0b8333e8"},{"page":"/pages/yjapp/signin/sigindetail.js","md5":"55e509ecd1a5aaf53da6c2f592c53e19"},{"page":"/pages/yjapp/signin/sigin.js","md5":"ff535b2b247c1d913123c33c88a622c3"},{"page":"/pages/yjapp/service/orderRefund.js","md5":"064bdd7ed64a27820f10d4a47b133080"},{"page":"/pages/yjapp/signin/siginlist.js","md5":"596b97b622a9201e7bc91efec64b31b3"},{"page":"/iconfont/yinjie.ttf","md5":"7704126e3594325d7783d52799f6e949"}],"android":"1.0","iOS":"1.0.0","appName":"yjapp","jsVersion":"76a8c76ffc8dab550aa1d8fd387c31d1","timestamp":1572839599624,"jsPath":"http://47.106.121.134:3001/static/"}
