{"filesMd5":[{"page":"/mediator/index.js","md5":"24ce85901d834f79ad7904c9873118a4"},{"page":"/config/index.js","md5":"418f0de6f5d5674312edeb010cf42c4b"},{"page":"/pages/yjapp/404.js","md5":"96cf1d021027f3c1d365415221ed905e"},{"page":"/pages/yjapp/area-order/detail.js","md5":"c774edca59409ed7ad522d9f0ae4011a"},{"page":"/pages/yjapp/area-order/list.js","md5":"e98bcfc1c6974070f40a924516cf8bae"},{"page":"/pages/yjapp/collection/collection.js","md5":"13eab25adc4ec0b257914af24810566c"},{"page":"/pages/yjapp/collection/collectionlist.js","md5":"9d23e7aea97af433e789167096ef54e9"},{"page":"/pages/yjapp/echart/detail.js","md5":"7a5506c7b5f63088d45a94c2d9e5967f"},{"page":"/pages/yjapp/batch-list/batch-list.js","md5":"2ce5f37ca057829cc1351ffb04ac0667"},{"page":"/pages/yjapp/echart/list.js","md5":"6673fe7d061582dfb12d7a0dcb099d75"},{"page":"/pages/yjapp/index.js","md5":"02ed1b93b83487e9778af84a708f53bf"},{"page":"/pages/yjapp/invoice/detail.js","md5":"9c59562aad0daace480a4218ea6c06f5"},{"page":"/pages/yjapp/help/index.js","md5":"2c085ead890e9ad2af50911f6a8fefe4"},{"page":"/pages/yjapp/login.js","md5":"18e6ba2a71858a4c090712412a3a7791"},{"page":"/pages/yjapp/invoice/list.js","md5":"10edc89777fd6861f7dbd583d3ecd824"},{"page":"/pages/yjapp/map/map.js","md5":"413c0004caf298dd17d8c8016c637153"},{"page":"/pages/yjapp/logistical/pay.js","md5":"8ccd10b299e753b1c076ed951b250f5c"},{"page":"/pages/yjapp/logistical/detail.js","md5":"1cbba17a824a476dd77d5b26331fe666"},{"page":"/pages/yjapp/logistical/dislist.js","md5":"007fbdbc62e65452554e12548c2cdc56"},{"page":"/pages/yjapp/muff/index.js","md5":"15fee77f64d9ceff6c92b4287fd9beba"},{"page":"/pages/yjapp/order/detail.js","md5":"ef6d15fdae2c50b717133b246fb21619"},{"page":"/pages/yjapp/person/person.js","md5":"991c48f4f5c9d23f1abe347b480f4b83"},{"page":"/pages/yjapp/order/list.js","md5":"abecbf9a0e4aa187ec7c2c0aa2f8811d"},{"page":"/pages/yjapp/performance/list.js","md5":"bda7f632ff57f182ad9562894dae9d40"},{"page":"/pages/yjapp/scan/logisticalscan.js","md5":"8d824a3c532a766ea5271d4a4df4d1ab"},{"page":"/pages/yjapp/person/apprecord.js","md5":"21fc8ad9cd252b7876cdc90adcf6d5c3"},{"page":"/pages/yjapp/signin/sigin.js","md5":"61c9d8418dbd64eb7092b47c779aea0f"},{"page":"/pages/yjapp/signin/sigindetail.js","md5":"62b78959d68927fc15d0a6e2efaed641"},{"page":"/pages/yjapp/signin/siginlist.js","md5":"f61fafafe8a41688336a5d24d62b5988"},{"page":"/pages/yjapp/service/orderRefund.js","md5":"5b8a2bd7f6708d77970c2fd6fc97e695"},{"page":"/iconfont/yinjie.ttf","md5":"7704126e3594325d7783d52799f6e949"}],"android":"1.0","iOS":"1.0.0","appName":"yjapp","jsVersion":"cd50b12c0310e05a2cfd6854b692d593","timestamp":1567153282921,"jsPath":"http://47.106.121.134:3001/static/"}
