{"filesMd5":[{"page":"/config/index.js","md5":"d54be7878372034601ed8bb834efec34"},{"page":"/mediator/index.js","md5":"a35a81fc2c7d2fe85ba4d9315926d6e1"},{"page":"/pages/yjapp/404.js","md5":"497703497cca049ed9954dd6ba7e4f72"},{"page":"/pages/yjapp/collection/collection.js","md5":"6100ff5ee28de33fe8fb980ad7b9504f"},{"page":"/pages/yjapp/batch-list/batch-list.js","md5":"70276d81de6026e3e928ca6c8e4adf97"},{"page":"/pages/yjapp/collection/collectionlist.js","md5":"3b060a78392079d0acd8611b5417ffe5"},{"page":"/pages/yjapp/echart/detail.js","md5":"3a311546989546261004ccb29fdd86ad"},{"page":"/pages/yjapp/echart/list.js","md5":"edeb4e9ff30e143e41b5b7e50ed2eb8e"},{"page":"/pages/yjapp/help/index.js","md5":"1f5ece29cd6f33b557c29325877a4f1c"},{"page":"/pages/yjapp/index.js","md5":"9b395ba97fde14ada756b34862665f9e"},{"page":"/pages/yjapp/invoice/detail.js","md5":"77489a07e9b30cb95650cdcecf83a126"},{"page":"/pages/yjapp/invoice/list.js","md5":"8acdd18d5f78bb13968751eed93d9bb3"},{"page":"/pages/yjapp/login.js","md5":"948d46d4f26ace26d196c1405abf9c6a"},{"page":"/pages/yjapp/logistical/dislist.js","md5":"90e10cef3de3476c76d99cf0864d7e81"},{"page":"/pages/yjapp/logistical/detail.js","md5":"d7ad40e304758d522f5a988c8fdf4c27"},{"page":"/pages/yjapp/logistical/pay.js","md5":"e108b1a5e148c80217f137ffa56291b0"},{"page":"/pages/yjapp/map/map.js","md5":"9139cc9d3afa00e7e10fff67756a39fd"},{"page":"/pages/yjapp/muff/index.js","md5":"a67317eef883dad808c6c315ab504af4"},{"page":"/pages/yjapp/order/detail.js","md5":"b9e7a6da2cb96e1d4c49b3b6bd6ef1dc"},{"page":"/pages/yjapp/order/list.js","md5":"67263aa06b9609e9a177bbd473f209fc"},{"page":"/pages/yjapp/person/person.js","md5":"e5228e4115d5dd343eb47f40857ca25c"},{"page":"/pages/yjapp/person/apprecord.js","md5":"46f5bf381c0b03b16d35ab291f8d58c6"},{"page":"/pages/yjapp/scan/logisticalscan.js","md5":"562dd500d2e19096d0f03e31ffe25fb8"},{"page":"/pages/yjapp/service/orderRefund.js","md5":"01dc6fe73832f8eb4181e5b83d383ff7"},{"page":"/pages/yjapp/signin/sigin.js","md5":"a1bcf1479a85b32e00b34e83f5cfd107"},{"page":"/pages/yjapp/signin/sigindetail.js","md5":"a98c955bba52767c717848f788abe876"},{"page":"/pages/yjapp/signin/siginlist.js","md5":"558c40b0d2eaced22f6c428f30f48460"},{"page":"/iconfont/yinjie.ttf","md5":"7704126e3594325d7783d52799f6e949"}],"android":"1.0","iOS":"1.0.0","appName":"yjapp","jsVersion":"e4ffe175e0c6e116680393780c9a13fd","timestamp":1545618529213,"jsPath":"http://47.106.121.134:3001/static/"}
