{"filesMd5":[{"page":"/mediator/index.js","md5":"1f24f8b0771c920e0d051cf34896f440"},{"page":"/config/index.js","md5":"08b0fa7761f9693a83959d2b5fc4bf7f"},{"page":"/pages/yjapp/area-order/detail.js","md5":"117e3c9a1b8541fe32490b4457c08712"},{"page":"/pages/yjapp/collection/collection.js","md5":"03cb017a99986f0e2105be18e64190dd"},{"page":"/pages/yjapp/404.js","md5":"0fe99a6458d0e307b2b3827d0fbc1498"},{"page":"/pages/yjapp/area-order/list.js","md5":"1aaf7ce40fb8daa8af6b479af3ebe294"},{"page":"/pages/yjapp/batch-list/batch-list.js","md5":"7f06714a5a402286e8dcdd089d542503"},{"page":"/pages/yjapp/collection/collectionlist.js","md5":"3cef0ecd2ad8ec929ea1a339c7d34d17"},{"page":"/pages/yjapp/echart/list.js","md5":"658993bf8036d339e9a45c6a78d58f58"},{"page":"/pages/yjapp/echart/detail.js","md5":"0d435d74b32ab21a4a520ed8fd6cbd4f"},{"page":"/pages/yjapp/help/index.js","md5":"fe70b81fd906067877427e319a34db6e"},{"page":"/pages/yjapp/login.js","md5":"ea929dc6c28daaf848086ebde9e655bf"},{"page":"/pages/yjapp/logistical/detail.js","md5":"e1d5308b2f12141d977d1082051823fc"},{"page":"/pages/yjapp/invoice/detail.js","md5":"acd4850446e84de49f2de6ade522ed48"},{"page":"/pages/yjapp/invoice/list.js","md5":"ca1fd9e80efd0f8186a5accc56bfcead"},{"page":"/pages/yjapp/index.js","md5":"a193c0aeb03e4e416bef016cd0b90005"},{"page":"/pages/yjapp/map/map.js","md5":"90fe72b80cf6c390f13d63c2889672d5"},{"page":"/pages/yjapp/logistical/pay.js","md5":"663a6a4221006c33357b33bc56657014"},{"page":"/pages/yjapp/muff/index.js","md5":"023721cfd9c0562a82020151f7142a3b"},{"page":"/pages/yjapp/logistical/dislist.js","md5":"f74bade35c518d4b58b7b0ad53d323ab"},{"page":"/pages/yjapp/order/list.js","md5":"1cbbd9c83eb64d6fa63f22f7fde997e4"},{"page":"/pages/yjapp/performance/adminDetail.js","md5":"f613cafb0e07c7308e7a79eab6d87588"},{"page":"/pages/yjapp/performance/detail.js","md5":"60129f024aeb10cefa93e6fc05a3fbfb"},{"page":"/pages/yjapp/person/person.js","md5":"99116f7c8a735e1616cd9f3c66e6b09c"},{"page":"/pages/yjapp/order/detail.js","md5":"abc3b69f4024122302113812b478568e"},{"page":"/pages/yjapp/scan/logisticalscan.js","md5":"f8d97ba09122914901ff406d0b8333e8"},{"page":"/pages/yjapp/performance/list.js","md5":"cf189c833a4d5177ff900087f7369797"},{"page":"/pages/yjapp/signin/sigin.js","md5":"a5b0b78164365e81dcc1f58b29ed9cce"},{"page":"/pages/yjapp/person/apprecord.js","md5":"377fe6461f633cb61a0437e0c2564f90"},{"page":"/pages/yjapp/signin/sigindetail.js","md5":"55e509ecd1a5aaf53da6c2f592c53e19"},{"page":"/pages/yjapp/signin/siginlist.js","md5":"9d544376bb0c702de627ee75bac42591"},{"page":"/pages/yjapp/service/orderRefund.js","md5":"e841af119593dbcca081b7f9e094cf5f"},{"page":"/iconfont/yinjie.ttf","md5":"7704126e3594325d7783d52799f6e949"}],"android":"1.0","iOS":"1.0.0","appName":"yjapp","jsVersion":"375a6c59a4558c0706f45be592f69d06","timestamp":1573193965779,"jsPath":"http://47.106.121.134:3001/static/"}
