{"filesMd5":[{"page":"/config/index.js","md5":"b7ec7ea7b47e15cd4b4b742b42849f05"},{"page":"/mediator/index.js","md5":"f2757c5ae471b411868942e2ffce8a79"},{"page":"/pages/yjapp/area-order/detail.js","md5":"0bf25e5f8b21b49077d7fed19b91179b"},{"page":"/pages/yjapp/404.js","md5":"03cfe0c509c3e6b39f28dd443a2738d9"},{"page":"/pages/yjapp/area-order/list.js","md5":"547a374b3ead5e3efbedcbe4e93899d0"},{"page":"/pages/yjapp/batch-list/batch-list.js","md5":"2f5ae555a7f351704deed17c9bc25c8a"},{"page":"/pages/yjapp/collection/collection.js","md5":"000fc62d7e4fb43476a08115b8eda614"},{"page":"/pages/yjapp/collection/collectionlist.js","md5":"92a01c7d5deb1018a310aa5284677002"},{"page":"/pages/yjapp/echart/detail.js","md5":"2245f295e47916181099c41fb667cd39"},{"page":"/pages/yjapp/echart/list.js","md5":"df2e85bde76f9b769485d06be6e56da3"},{"page":"/pages/yjapp/help/index.js","md5":"37193f5fad1af231c78bfd82b19eb1ff"},{"page":"/pages/yjapp/index.js","md5":"9f3bb20f5d1524333ab93264c01ee604"},{"page":"/pages/yjapp/invoice/detail.js","md5":"685aad6dbef883c60a37a86c8fbf1f00"},{"page":"/pages/yjapp/login.js","md5":"868e3409ded9feae0bdcf75639136774"},{"page":"/pages/yjapp/invoice/list.js","md5":"c45b5814036a5807d261c01cd17b6255"},{"page":"/pages/yjapp/logistical/dislist.js","md5":"e0ad7bfbd51874af8a0c7b3b2ed3b8ab"},{"page":"/pages/yjapp/logistical/detail.js","md5":"5f20e04d2d2b000e09967c016ec97b1e"},{"page":"/pages/yjapp/logistical/pay.js","md5":"f157fd118e02e759ab9a2b2a30bcd1c9"},{"page":"/pages/yjapp/muff/index.js","md5":"631378d2177d1ca608b208b029f74928"},{"page":"/pages/yjapp/map/map.js","md5":"d03080aff5a913456818570848045617"},{"page":"/pages/yjapp/order/list.js","md5":"640214b18763d6ee7fdc1b0199cd084d"},{"page":"/pages/yjapp/order/detail.js","md5":"acdfe0c527647ad13ceac7d2bd9faa09"},{"page":"/pages/yjapp/performance/adminDetail.js","md5":"f3316383da66331c9c416e3a5485ebb8"},{"page":"/pages/yjapp/performance/list.js","md5":"2952e3502b625573c9dfa08d272bd823"},{"page":"/pages/yjapp/performance/detail.js","md5":"ab212451698bf5307c432aeb4dc8426c"},{"page":"/pages/yjapp/performance/orderDetail.js","md5":"2aa85d3fd0a986ae3a75ce5e0a89f36c"},{"page":"/pages/yjapp/performance-growth/adminDetail.js","md5":"1db47be4e4d13b545c3db834e17e7979"},{"page":"/pages/yjapp/performance-growth/orderDetail.js","md5":"8285ec1c5e22e041dac831a94ed4c1e0"},{"page":"/pages/yjapp/performance-growth/detail.js","md5":"1de6b8a279fb1533fbce53b38fb9f914"},{"page":"/pages/yjapp/performance-growth/list.js","md5":"6eb1b433f5a217d527dc9527feb98026"},{"page":"/pages/yjapp/person/person.js","md5":"9b611d80255e603d1bd8d9d01b497437"},{"page":"/pages/yjapp/person/apprecord.js","md5":"5bd556a0963784f5a94848c1e8c00960"},{"page":"/pages/yjapp/scan/logisticalscan.js","md5":"2da9ba567d3804fc0d144aa810016451"},{"page":"/pages/yjapp/signin/sigin.js","md5":"a7e46141efbf2579803261c56f86305e"},{"page":"/pages/yjapp/service/orderRefund.js","md5":"f76d409437e0d1be82a409795cdfebf4"},{"page":"/pages/yjapp/signin/sigindetail.js","md5":"43656de2cfa09b59f8f75f241229e97e"},{"page":"/pages/yjapp/signin/siginlist.js","md5":"7fefc38a1f52418787a0b4e85d90a91e"},{"page":"/iconfont/yinjie.ttf","md5":"7704126e3594325d7783d52799f6e949"}],"android":"1.0","iOS":"1.0.0","appName":"yjapp","jsVersion":"0085e088c4c5ad965f0d1dd4d83dbba3","timestamp":1577774968773,"jsPath":"http://47.106.121.134:3001/static/"}
