{"filesMd5":[{"page":"/pages/yjapp/404.js","md5":"03cfe0c509c3e6b39f28dd443a2738d9"},{"page":"/mediator/index.js","md5":"f2757c5ae471b411868942e2ffce8a79"},{"page":"/config/index.js","md5":"b7ec7ea7b47e15cd4b4b742b42849f05"},{"page":"/pages/yjapp/area-order/detail.js","md5":"a62a706282239918d422bd4f36cfff3e"},{"page":"/pages/yjapp/area-order/list.js","md5":"d11b5cce462ab8bfdca9f679483e81d4"},{"page":"/pages/yjapp/collection/collection.js","md5":"000fc62d7e4fb43476a08115b8eda614"},{"page":"/pages/yjapp/batch-list/batch-list.js","md5":"c7cc0403b32e1bc04052344e3d8efd09"},{"page":"/pages/yjapp/collection/collectionlist.js","md5":"d0a777ec211f1706e8a737c0d38a541d"},{"page":"/pages/yjapp/echart/detail.js","md5":"f6b08717f271ce1f6990504a990fc4df"},{"page":"/pages/yjapp/echart/list.js","md5":"f4bd399f36cea2dd6436df8f8e40eb55"},{"page":"/pages/yjapp/help/index.js","md5":"37193f5fad1af231c78bfd82b19eb1ff"},{"page":"/pages/yjapp/index.js","md5":"6ec66647976f8c2e3c0412c27d3af42a"},{"page":"/pages/yjapp/invoice/detail.js","md5":"e294a320eeb0b8860a408f428863eca7"},{"page":"/pages/yjapp/login.js","md5":"0c589bade4da3fa920d2c11ab62382a5"},{"page":"/pages/yjapp/invoice/list.js","md5":"365e5ab9c9f30cc61386a8820513f54d"},{"page":"/pages/yjapp/logistical/detail.js","md5":"64e2f2ec3f07267398a2cff147f91aa2"},{"page":"/pages/yjapp/logistical/dislist.js","md5":"ee956238b949d2d9bd22e7b8ff79ef78"},{"page":"/pages/yjapp/map/map.js","md5":"d03080aff5a913456818570848045617"},{"page":"/pages/yjapp/logistical/pay.js","md5":"106261d21722bab0a2d433d71db7b15d"},{"page":"/pages/yjapp/muff/index.js","md5":"7120c0610a094f39a1a96a8a1351dbe5"},{"page":"/pages/yjapp/order/detail.js","md5":"1826da6423673e296932e997e0b21737"},{"page":"/pages/yjapp/order/list.js","md5":"a851f7fb6d2dc1f41079b298b0bb4c3c"},{"page":"/pages/yjapp/performance/adminDetail.js","md5":"ead38f0aee89d7db96bbef82f007985e"},{"page":"/pages/yjapp/performance/orderDetail.js","md5":"c10ba55312c2c0bf5c0dbd3ce54903b9"},{"page":"/pages/yjapp/performance/detail.js","md5":"bf02fa552a458d99ee758099f190b44a"},{"page":"/pages/yjapp/performance/list.js","md5":"e1c6796c22a7922895e6f7e056b6efc7"},{"page":"/pages/yjapp/performance-growth/detail.js","md5":"fe3cef89a3ec44196d85fe8238bfa80b"},{"page":"/pages/yjapp/performance-growth/adminDetail.js","md5":"ee662c3019ac49c5f3612cfeca506652"},{"page":"/pages/yjapp/performance-growth/orderDetail.js","md5":"14100990e5c6a7e72c4bf522a756a13f"},{"page":"/pages/yjapp/performance-growth/list.js","md5":"836f618784e36fcc855086d960f88219"},{"page":"/pages/yjapp/person/person.js","md5":"cc1fd0ce1eec61ff5c79d27e90d70dd1"},{"page":"/pages/yjapp/person/apprecord.js","md5":"70ad3ce3c0e72d6755b36666ebd50d01"},{"page":"/pages/yjapp/signin/sigindetail.js","md5":"43656de2cfa09b59f8f75f241229e97e"},{"page":"/pages/yjapp/scan/logisticalscan.js","md5":"2da9ba567d3804fc0d144aa810016451"},{"page":"/pages/yjapp/service/orderRefund.js","md5":"654b66696a1b596a36034aef300031b1"},{"page":"/pages/yjapp/signin/sigin.js","md5":"a7e46141efbf2579803261c56f86305e"},{"page":"/pages/yjapp/signin/siginlist.js","md5":"0fcb17d3b50e8028d6e9a72114d8d8b4"},{"page":"/iconfont/yinjie.ttf","md5":"7704126e3594325d7783d52799f6e949"}],"android":"1.0","iOS":"1.0.0","appName":"yjapp","jsVersion":"4fd1120da51c29466ab48a0a6cbdb771","timestamp":1577153945262,"jsPath":"http://47.106.121.134:3001/static/"}
