{"filesMd5":[{"page":"/config/index.js","md5":"418f0de6f5d5674312edeb010cf42c4b"},{"page":"/mediator/index.js","md5":"24ce85901d834f79ad7904c9873118a4"},{"page":"/pages/yjapp/404.js","md5":"96cf1d021027f3c1d365415221ed905e"},{"page":"/pages/yjapp/area-order/detail.js","md5":"19a397811839c88bea679ed2ab9b6479"},{"page":"/pages/yjapp/collection/collection.js","md5":"13eab25adc4ec0b257914af24810566c"},{"page":"/pages/yjapp/echart/detail.js","md5":"87b8ae9f1ffe52a9969ca7672ad25cb2"},{"page":"/pages/yjapp/collection/collectionlist.js","md5":"ac10acf3849e15c43a4570dcac47417a"},{"page":"/pages/yjapp/echart/list.js","md5":"df117143fa15e2dfe4099d08eb5055a6"},{"page":"/pages/yjapp/area-order/list.js","md5":"8835de499df9a2e88bde557f0534fccd"},{"page":"/pages/yjapp/batch-list/batch-list.js","md5":"0648da3eb3e84cad81b93ed68a1898d8"},{"page":"/pages/yjapp/help/index.js","md5":"2c085ead890e9ad2af50911f6a8fefe4"},{"page":"/pages/yjapp/index.js","md5":"6525008d7b08a05c5fbc84a162732ddd"},{"page":"/pages/yjapp/invoice/detail.js","md5":"4694a932dc56318727e3f30f14110aee"},{"page":"/pages/yjapp/login.js","md5":"717c2c80c9a3cbec9dc4a768f9ec02b1"},{"page":"/pages/yjapp/logistical/detail.js","md5":"5ac659c557d933b3836944f41f4ff4d1"},{"page":"/pages/yjapp/invoice/list.js","md5":"f587dcd27983f52755611938b5e33c31"},{"page":"/pages/yjapp/logistical/pay.js","md5":"caca6f057f057cfa3350b112bd7a5f9a"},{"page":"/pages/yjapp/map/map.js","md5":"413c0004caf298dd17d8c8016c637153"},{"page":"/pages/yjapp/muff/index.js","md5":"14ae6d69427fcbb6063a7a69ab5f5bdb"},{"page":"/pages/yjapp/logistical/dislist.js","md5":"e9898320be4ed82a48f33692967ded0c"},{"page":"/pages/yjapp/performance/list.js","md5":"bf16af7b24c31798fbbdc6368cbdb748"},{"page":"/pages/yjapp/person/person.js","md5":"9da5144a64b6244761055fbbed20d17f"},{"page":"/pages/yjapp/order/list.js","md5":"22fd72af8af8a4710fd0b46c65ccc194"},{"page":"/pages/yjapp/scan/logisticalscan.js","md5":"8d824a3c532a766ea5271d4a4df4d1ab"},{"page":"/pages/yjapp/order/detail.js","md5":"b7bf2a6e13dde35cc50ef406bed8f1ca"},{"page":"/pages/yjapp/person/apprecord.js","md5":"8a934bdb8abb520aa0683157a3981e44"},{"page":"/pages/yjapp/service/orderRefund.js","md5":"87d0af656fb12a4a8c1478f9f2ec0409"},{"page":"/pages/yjapp/signin/sigindetail.js","md5":"62b78959d68927fc15d0a6e2efaed641"},{"page":"/pages/yjapp/signin/siginlist.js","md5":"af617108ad327760b041647839644c86"},{"page":"/pages/yjapp/signin/sigin.js","md5":"61c9d8418dbd64eb7092b47c779aea0f"},{"page":"/iconfont/yinjie.ttf","md5":"7704126e3594325d7783d52799f6e949"}],"android":"1.0","iOS":"1.0.0","appName":"yjapp","jsVersion":"ae5698094d4210f709fafe674d15873c","timestamp":1567071579689,"jsPath":"http://47.106.121.134:3001/static/"}
