{"filesMd5":[{"page":"/mediator/index.js","md5":"f2757c5ae471b411868942e2ffce8a79"},{"page":"/config/index.js","md5":"b7ec7ea7b47e15cd4b4b742b42849f05"},{"page":"/pages/yjapp/404.js","md5":"03cfe0c509c3e6b39f28dd443a2738d9"},{"page":"/pages/yjapp/area-order/detail.js","md5":"b3dfab8cb110de472ed165617318a8cd"},{"page":"/pages/yjapp/echart/detail.js","md5":"f852b1e78896404aa3453eb91c1f8a81"},{"page":"/pages/yjapp/collection/collection.js","md5":"000fc62d7e4fb43476a08115b8eda614"},{"page":"/pages/yjapp/area-order/list.js","md5":"aed1562b6c510c7eb73eb72242be33ef"},{"page":"/pages/yjapp/collection/collectionlist.js","md5":"0c0e2da15895157402a88e7bc30e6357"},{"page":"/pages/yjapp/batch-list/batch-list.js","md5":"a9c36bc64e399155fa600f0992226f0d"},{"page":"/pages/yjapp/echart/list.js","md5":"8b833f400f62cd14fda0dde82514de9b"},{"page":"/pages/yjapp/help/index.js","md5":"37193f5fad1af231c78bfd82b19eb1ff"},{"page":"/pages/yjapp/login.js","md5":"fbaa410a81d631176b5ca7e2d04afaf6"},{"page":"/pages/yjapp/index.js","md5":"cd515c5b433032ff454d7f02a4b3f572"},{"page":"/pages/yjapp/logistical/detail.js","md5":"ea3f135123c998a28dc0c83e7cefe2be"},{"page":"/pages/yjapp/invoice/list.js","md5":"6c545da7c996b7dce2bf0a870ea7d76f"},{"page":"/pages/yjapp/invoice/detail.js","md5":"b4f8f041a34c335aead13ddd0c7c7912"},{"page":"/pages/yjapp/map/map.js","md5":"d03080aff5a913456818570848045617"},{"page":"/pages/yjapp/logistical/pay.js","md5":"ddb370ae7a4c009571e075122558e213"},{"page":"/pages/yjapp/muff/index.js","md5":"cbaea29f20cbb736427dc2de5c218ef0"},{"page":"/pages/yjapp/order/list.js","md5":"b9b675208d39f4f8c46ab4f422ca37ce"},{"page":"/pages/yjapp/logistical/dislist.js","md5":"7ca26940a3affd75a116dcf20a4ad815"},{"page":"/pages/yjapp/order/detail.js","md5":"4c105d48bd4235d2e50f08b52e535cdc"},{"page":"/pages/yjapp/performance/detail.js","md5":"9d6b1ba54720d46f8d7f39d54881efea"},{"page":"/pages/yjapp/performance/adminDetail.js","md5":"8388dd31782a44890e47fd815b885572"},{"page":"/pages/yjapp/performance/orderDetail.js","md5":"0dfa36b13fa3fcf09b04acb474877db5"},{"page":"/pages/yjapp/performance/list.js","md5":"66e2877eb51848622f54e28f9e8c8073"},{"page":"/pages/yjapp/performance-growth/detail.js","md5":"e360a167d9bef189848d0609bfe01513"},{"page":"/pages/yjapp/performance-growth/adminDetail.js","md5":"53a7000b8578bcb6c20bd2a7cb871155"},{"page":"/pages/yjapp/performance-growth/orderDetail.js","md5":"7c8e41821709b744915150953b2b2b06"},{"page":"/pages/yjapp/person/person.js","md5":"f1a18f0568cfb9bda7fb1549546693c7"},{"page":"/pages/yjapp/scan/logisticalscan.js","md5":"2da9ba567d3804fc0d144aa810016451"},{"page":"/pages/yjapp/performance-growth/list.js","md5":"e26bb8c8dde2d072fc9041f60e75f400"},{"page":"/pages/yjapp/person/apprecord.js","md5":"5db0a6b12a1905c98a155ce8138faeb7"},{"page":"/pages/yjapp/signin/sigindetail.js","md5":"43656de2cfa09b59f8f75f241229e97e"},{"page":"/pages/yjapp/signin/sigin.js","md5":"a7e46141efbf2579803261c56f86305e"},{"page":"/pages/yjapp/service/orderRefund.js","md5":"9fa040c9b9b83cff655a94b3ad1c80d4"},{"page":"/pages/yjapp/signin/siginlist.js","md5":"7fdb5555ad592ab5267d48d73fca711a"},{"page":"/iconfont/yinjie.ttf","md5":"7704126e3594325d7783d52799f6e949"}],"android":"1.0","iOS":"1.0.0","appName":"yjapp","jsVersion":"6c986bbf1a23be5ff51820e4ad083eb6","timestamp":1576575598608,"jsPath":"http://47.106.121.134:3001/static/"}
