{"filesMd5":[{"page":"/config/index.js","md5":"b7ec7ea7b47e15cd4b4b742b42849f05"},{"page":"/mediator/index.js","md5":"f2757c5ae471b411868942e2ffce8a79"},{"page":"/pages/yjapp/404.js","md5":"03cfe0c509c3e6b39f28dd443a2738d9"},{"page":"/pages/yjapp/area-order/detail.js","md5":"348deeb490cdbd6383f26f7d2c08818f"},{"page":"/pages/yjapp/area-order/list.js","md5":"03daab947e302e96dbf94608bf746812"},{"page":"/pages/yjapp/batch-list/batch-list.js","md5":"74799a7a0508a95ff2d3a1a9aabc5dcf"},{"page":"/pages/yjapp/collection/collection.js","md5":"000fc62d7e4fb43476a08115b8eda614"},{"page":"/pages/yjapp/collection/collectionlist.js","md5":"6c70760fbebb3c67f44437b266116a79"},{"page":"/pages/yjapp/echart/detail.js","md5":"2385942ef1f42d2dcf753efec88cc19b"},{"page":"/pages/yjapp/echart/list.js","md5":"988f209ae7927f3b78d3e2315ef97b6b"},{"page":"/pages/yjapp/help/index.js","md5":"37193f5fad1af231c78bfd82b19eb1ff"},{"page":"/pages/yjapp/login.js","md5":"01619cd4f5b26f38673c22f46cb770b3"},{"page":"/pages/yjapp/index.js","md5":"033c3ea1f33daa9b85e3229b0c6ea732"},{"page":"/pages/yjapp/logistical/detail.js","md5":"315532a1dbaafa74f5408d0ef97f9e63"},{"page":"/pages/yjapp/invoice/detail.js","md5":"930fdf587be6a6c52058b848f8cf51f1"},{"page":"/pages/yjapp/map/map.js","md5":"d03080aff5a913456818570848045617"},{"page":"/pages/yjapp/invoice/list.js","md5":"fc92a0f62059e4c509f0ffd9a94ca192"},{"page":"/pages/yjapp/logistical/pay.js","md5":"a95dccf40a2c997dd7a7cacacba600c0"},{"page":"/pages/yjapp/logistical/dislist.js","md5":"f7ae2a7174b575c7924a91fdb99ddde4"},{"page":"/pages/yjapp/muff/index.js","md5":"96ea54b55ac15c225e9d911ed5acc49f"},{"page":"/pages/yjapp/order/detail.js","md5":"61d51291f9a4ca23b5231d682f9e792f"},{"page":"/pages/yjapp/order/list.js","md5":"a48bce947fe2f5ea9c2f32980b79f4c2"},{"page":"/pages/yjapp/performance/adminDetail.js","md5":"3388c9f0857d412ad8c3019b84fd08fc"},{"page":"/pages/yjapp/performance/detail.js","md5":"640bb6541f015426a03157e1f7fa7104"},{"page":"/pages/yjapp/performance/orderDetail.js","md5":"92ac5b4ec2b5bedb11ce8aa09db8a655"},{"page":"/pages/yjapp/performance/list.js","md5":"3b0e58b5aacbb039668a7f96b3c98527"},{"page":"/pages/yjapp/performance-growth/adminDetail.js","md5":"b49a136b18e5f9d65a8a037aac04c3ec"},{"page":"/pages/yjapp/performance-growth/detail.js","md5":"1564e4165627d43817af227833861dd4"},{"page":"/pages/yjapp/performance-growth/orderDetail.js","md5":"43e40cb9577f40061d665ecaba92f1b3"},{"page":"/pages/yjapp/scan/logisticalscan.js","md5":"2da9ba567d3804fc0d144aa810016451"},{"page":"/pages/yjapp/performance-growth/list.js","md5":"8464fa2a5aef9ae703fc779370ecae18"},{"page":"/pages/yjapp/person/person.js","md5":"65e430714c7dae27292316b4611ef208"},{"page":"/pages/yjapp/person/apprecord.js","md5":"40a6c3c5931d3862b237456b9a2369f2"},{"page":"/pages/yjapp/signin/sigindetail.js","md5":"43656de2cfa09b59f8f75f241229e97e"},{"page":"/pages/yjapp/signin/sigin.js","md5":"a7e46141efbf2579803261c56f86305e"},{"page":"/pages/yjapp/service/orderRefund.js","md5":"4f7f854167fcbc6c444dac3663897a01"},{"page":"/pages/yjapp/signin/siginlist.js","md5":"e60377992515fb3f15fc99dfbf392859"},{"page":"/iconfont/yinjie.ttf","md5":"7704126e3594325d7783d52799f6e949"}],"android":"1.0","iOS":"1.0.0","appName":"yjapp","jsVersion":"e37085ac99d6e0de7d752d297943510c","timestamp":1576132490771,"jsPath":"http://47.106.121.134:3001/static/"}
