{"filesMd5":[{"page":"/config/index.js","md5":"418f0de6f5d5674312edeb010cf42c4b"},{"page":"/mediator/index.js","md5":"24ce85901d834f79ad7904c9873118a4"},{"page":"/pages/yjapp/404.js","md5":"96cf1d021027f3c1d365415221ed905e"},{"page":"/pages/yjapp/area-order/detail.js","md5":"39c8b9fb82416410fea461b779f9d17e"},{"page":"/pages/yjapp/area-order/list.js","md5":"c5676c4c741d915d5e59ef2965eba75d"},{"page":"/pages/yjapp/batch-list/batch-list.js","md5":"08c36c3bf37513f59ee6f1c5280dfa65"},{"page":"/pages/yjapp/collection/collectionlist.js","md5":"04c6e7ae2d81efe1701606bd3dd32ee1"},{"page":"/pages/yjapp/collection/collection.js","md5":"13eab25adc4ec0b257914af24810566c"},{"page":"/pages/yjapp/echart/list.js","md5":"41eebbf631f1fdd188640a9096975af0"},{"page":"/pages/yjapp/echart/detail.js","md5":"746ce0d5300e846309e91e06d5dd1905"},{"page":"/pages/yjapp/help/index.js","md5":"2c085ead890e9ad2af50911f6a8fefe4"},{"page":"/pages/yjapp/index.js","md5":"75bf1204030e1a9137b5c9e00b8a38a4"},{"page":"/pages/yjapp/invoice/detail.js","md5":"8f6e0b69822b14b043436d826ba20ea7"},{"page":"/pages/yjapp/login.js","md5":"6688c27b3c098a379eefd8ab739ff7c5"},{"page":"/pages/yjapp/logistical/detail.js","md5":"b2a427b789535c0629210248cc9fc6d4"},{"page":"/pages/yjapp/invoice/list.js","md5":"7d0c6e09d278d53c9300d4f6f21d4bfb"},{"page":"/pages/yjapp/logistical/dislist.js","md5":"60ef7bc37620d171e7860237810e0f9e"},{"page":"/pages/yjapp/map/map.js","md5":"413c0004caf298dd17d8c8016c637153"},{"page":"/pages/yjapp/logistical/pay.js","md5":"cbeafc327ee42569dfc5f549d3b4dd22"},{"page":"/pages/yjapp/muff/index.js","md5":"b06b2287f14507bd315d31df240987b4"},{"page":"/pages/yjapp/order/detail.js","md5":"6703ffb4069f130e5eee015909b3f471"},{"page":"/pages/yjapp/order/list.js","md5":"7bed59a2acb04e64ef7bac3f4dc01108"},{"page":"/pages/yjapp/performance/list.js","md5":"89d534881732478943ac1b2bf8759003"},{"page":"/pages/yjapp/person/person.js","md5":"a261cf29fd3f8aeb56301b1c5e33b763"},{"page":"/pages/yjapp/scan/logisticalscan.js","md5":"8d824a3c532a766ea5271d4a4df4d1ab"},{"page":"/pages/yjapp/person/apprecord.js","md5":"0c985f552ce80b3eff1faaf4abc659d3"},{"page":"/pages/yjapp/signin/sigindetail.js","md5":"62b78959d68927fc15d0a6e2efaed641"},{"page":"/pages/yjapp/signin/sigin.js","md5":"61c9d8418dbd64eb7092b47c779aea0f"},{"page":"/pages/yjapp/service/orderRefund.js","md5":"5665ccebc47926531cfeb92375433d0f"},{"page":"/pages/yjapp/signin/siginlist.js","md5":"3e7890f24e063b9f7b31425d578298a9"},{"page":"/iconfont/yinjie.ttf","md5":"7704126e3594325d7783d52799f6e949"}],"android":"1.0","iOS":"1.0.0","appName":"yjapp","jsVersion":"cd76b20c630012c1c82c6767ee0f3fb8","timestamp":1572831159965,"jsPath":"http://47.106.121.134:3001/static/"}
