{"filesMd5":[{"page":"/config/index.js","md5":"f414dd100583faf53c10b9e2d495eea2"},{"page":"/mediator/index.js","md5":"bd4bcbf81aa992ec927bce34cbe8ce7b"},{"page":"/pages/yjapp/404.js","md5":"e8f7821145cab7821f9e285260df84bd"},{"page":"/pages/yjapp/batch-list/batch-list.js","md5":"e667503e7442fbc1ef0522a02aba6b8e"},{"page":"/pages/yjapp/collection/collection.js","md5":"4a836153b56a0fc086fe4fb091ee3bdb"},{"page":"/pages/yjapp/collection/collectionlist.js","md5":"55af141845f27399db91e4d392d4b2d9"},{"page":"/pages/yjapp/echart/detail.js","md5":"b98a49221aae30c71d306a6f4aad2473"},{"page":"/pages/yjapp/echart/list.js","md5":"039316da7ddce0afe42a427b73c0e27c"},{"page":"/pages/yjapp/help/index.js","md5":"7b4b9f4c82c7fdd660caa53fdef7532c"},{"page":"/pages/yjapp/index.js","md5":"a83cfac6a1539720ef827f86ead8fbd8"},{"page":"/pages/yjapp/invoice/detail.js","md5":"e8dd24f655c50f475cdeb234be9ad349"},{"page":"/pages/yjapp/invoice/list.js","md5":"04edfab0b7eba49dce527ced88360684"},{"page":"/pages/yjapp/login.js","md5":"6b6415ef0bcf1f48dcaaf2758d4f1bfc"},{"page":"/pages/yjapp/logistical/detail.js","md5":"b90f0dac6dbef6daf2dd0128fbae4e5a"},{"page":"/pages/yjapp/logistical/dislist.js","md5":"389cbe2d03f608928d5cfcb0166d6e11"},{"page":"/pages/yjapp/logistical/pay.js","md5":"587bba701991fa5454f854cdbde33ab1"},{"page":"/pages/yjapp/map/map.js","md5":"ecc5790277f5789095c092702e2da816"},{"page":"/pages/yjapp/muff/index.js","md5":"4e043d94a1cd5167cbf53bb11cbca2c6"},{"page":"/pages/yjapp/order/detail.js","md5":"3fc59e82054eaa71a9fc003c4e8e9393"},{"page":"/pages/yjapp/order/list.js","md5":"8f2ae8e5c686f3ea32713bfe5fe82ee6"},{"page":"/pages/yjapp/person/person.js","md5":"0b276f7f12aad71902a76a170eb0734d"},{"page":"/pages/yjapp/person/apprecord.js","md5":"a5e2d491961208470fe03d7fde0da9c8"},{"page":"/pages/yjapp/scan/logisticalscan.js","md5":"0c5358cd786cd5e0b4d131de4fa0ddde"},{"page":"/pages/yjapp/service/orderRefund.js","md5":"31dfd3d4156599aa4c829b4236409f2d"},{"page":"/pages/yjapp/signin/sigin.js","md5":"1fcfa28b0ece523aa89c1e8c8c308a55"},{"page":"/pages/yjapp/signin/sigindetail.js","md5":"c5454ad89e394a458284531b9e16adb7"},{"page":"/pages/yjapp/signin/siginlist.js","md5":"fc17fbc3a9ef17c0dced9975af491698"},{"page":"/iconfont/yinjie.ttf","md5":"7704126e3594325d7783d52799f6e949"}],"android":"1.0","iOS":"1.0.0","appName":"yjapp","jsVersion":"bbff3501a1788b7776f69aa461d78e4b","timestamp":1546482458097,"jsPath":"http://47.106.121.134:3001/static/"}
