{"filesMd5":[{"page":"/config/index.js","md5":"f414dd100583faf53c10b9e2d495eea2"},{"page":"/mediator/index.js","md5":"bd4bcbf81aa992ec927bce34cbe8ce7b"},{"page":"/pages/yjapp/404.js","md5":"e8f7821145cab7821f9e285260df84bd"},{"page":"/pages/yjapp/batch-list/batch-list.js","md5":"2dafdb63258b3ff684b946e7d07f26a4"},{"page":"/pages/yjapp/collection/collection.js","md5":"675e61e8edbba635c87e58587ea86161"},{"page":"/pages/yjapp/collection/collectionlist.js","md5":"5fc6d999ee3c960870417a3ae0670889"},{"page":"/pages/yjapp/echart/detail.js","md5":"0929c4e41c26a27fc29172624c1621db"},{"page":"/pages/yjapp/echart/list.js","md5":"df52f507314fedf8476791fca3e7d175"},{"page":"/pages/yjapp/help/index.js","md5":"7b4b9f4c82c7fdd660caa53fdef7532c"},{"page":"/pages/yjapp/index.js","md5":"b7b412511e1e8e076726db09c70e2f96"},{"page":"/pages/yjapp/invoice/detail.js","md5":"1ab6ef8cedc7ef60fb647b58f733a9ae"},{"page":"/pages/yjapp/invoice/list.js","md5":"15d54f1408a0c186d6753d1dfabd4c8a"},{"page":"/pages/yjapp/login.js","md5":"8df8ba2fb64aa4b40bdec7a9d475eb3c"},{"page":"/pages/yjapp/logistical/detail.js","md5":"f970a85be8dd6dfe18c01aba0e4647e6"},{"page":"/pages/yjapp/logistical/dislist.js","md5":"d63c52507a5c650d5179ba8430778101"},{"page":"/pages/yjapp/logistical/pay.js","md5":"3aed564366478154a597bcb5632c5b86"},{"page":"/pages/yjapp/map/map.js","md5":"ecc5790277f5789095c092702e2da816"},{"page":"/pages/yjapp/muff/index.js","md5":"d12fd8df7791f1569bdfdda025de1460"},{"page":"/pages/yjapp/order/detail.js","md5":"cecaba215674ac181b54ea143a46de50"},{"page":"/pages/yjapp/person/apprecord.js","md5":"5b9041cd20b80b3fe2461e3a78acedbf"},{"page":"/pages/yjapp/order/list.js","md5":"3e31745c0a657d4b74791751b9780622"},{"page":"/pages/yjapp/person/person.js","md5":"9a9ba8b347b5507ee29b1817364c2429"},{"page":"/pages/yjapp/scan/logisticalscan.js","md5":"0c5358cd786cd5e0b4d131de4fa0ddde"},{"page":"/pages/yjapp/service/orderRefund.js","md5":"55257aa961e0824f1e0ee176b834c313"},{"page":"/pages/yjapp/signin/sigin.js","md5":"1fcfa28b0ece523aa89c1e8c8c308a55"},{"page":"/pages/yjapp/signin/sigindetail.js","md5":"c5454ad89e394a458284531b9e16adb7"},{"page":"/pages/yjapp/signin/siginlist.js","md5":"ba8282fa8c9ad4315de2fcefe9b7067d"},{"page":"/iconfont/yinjie.ttf","md5":"7704126e3594325d7783d52799f6e949"}],"android":"1.0","iOS":"1.0.0","appName":"yjapp","jsVersion":"92b0839362fc514cf0ebc06b5313d0f9","timestamp":1546486044779,"jsPath":"http://47.106.121.134:3001/static/"}
